URL,Method,Count
"api/v1/student/submission/null/next-question?includes=options%2Ctotal_points%2Csubmission_stats",GET,656
"api/v1/student/subject?grade_id=notSelected",GET,305
"api/v1/student/concept?quest_id=11cd9e40-84b9-11ec-af9f-77642f340ea3",GET,228
"api/v1/student/concept?quest_id=2bf7f710-8254-11ec-bdf8-fbe96b51e9a8",GET,128
"api/v2/student/assignment/d19ef930-b63e-11eb-9076-f72f29aa4925/leaderboard?includes=student%2Crank&page=1&timestamp=2022-02-02+22%3A42%3A45.161573",GET,36
"api/v1/student/challenge/ada86e00-8286-11ec-90b5-1b1e056aeb94",GET,31
"api/v1/student/concept?quest_id=38c07fb0-826b-11ec-a3ca-bf9599ca4bed",GET,25
"api/v1/student/submission/null/question/e7cb42f0-5f17-11ec-860c-df858ed76e94?includes=leaderboard",POST,23
"api/v1/student/concept?quest_id=90744ea0-83f0-11ec-8468-b1dd0a348792",GET,22
"api/v1/student/submission/null?includes=concept_stats%2Canswers%2Canswer_stats%2Cquest%2Cstudent%2Csubject%2Ctest_stats",GET,21
"api/v1/student/submission/null/question/3a2a9690-6142-11ec-8d2c-9db74f33dac6",POST,17
"api/v2/student/assignment/5e596d40-2791-11ec-aab9-5fe434489eca/leaderboard?includes=student%2Crank&page=1&timestamp=2022-02-01+12%3A57%3A55.344531",GET,17
"api/v2/student/assignment/623e5cf0-5ef6-11ec-b48f-79aab7cdfc51/leaderboard?includes=student%2Crank&page=1&timestamp=2022-02-03+10%3A08%3A44.955405",GET,12
"api/v2/student/assignment/496fb9b0-ea49-11eb-9384-77ff85de27b2/leaderboard?includes=student%2Crank&page=1&timestamp=2022-02-03+15%3A01%3A33.117826",GET,11
"api/v1/student/submission/null/question/329b7df0-610e-11ec-8d44-45b240c84304",POST,10
"api/v1/student/submission/null/question/ec469540-630a-11ec-abac-81476beb006f",POST,10
"api/v2/student/assignment/f25ebd50-33ff-11eb-ba79-d9a566324eba/leaderboard?includes=student%2Crank&page=1&timestamp=2022-02-02+21%3A22%3A28.804834",GET,10
"api/v1/student/assigned-quest/cc4d6790-83f8-11ec-a7b3-19a0b5afcf86?includes=quest%2Csubmission%2Cchapter%2Csubject%2Cgrade%2Ctest_stats%2Cteacher",GET,9
"api/v1/student/submission/null/question/a78f0f10-84b5-11ec-bce7-a1272c52ea72?includes=leaderboard",POST,9
"api/v1/student/assigned-quest/8689f630-8259-11ec-8a83-81423b710339?includes=quest%2Csubmission%2Cchapter%2Csubject%2Cgrade%2Ctest_stats%2Cteacher",GET,8
